<?xml version="1.0" encoding="UTF-8"?>
<project-private xmlns="http://www.netbeans.org/ns/project-private/1">
    <editor-bookmarks xmlns="http://www.netbeans.org/ns/editor-bookmarks/2" lastBookmarkId="0"/>
    <open-files xmlns="http://www.netbeans.org/ns/projectui-open-files/2">
        <group>
            <file>file:/E:/CIS171/Control%20A%20Clock%20Exercise%2015.32/src/control/a/clock/exercise/pkg15/pkg32/ControlAClockExercise1532.java</file>
            <file>file:/E:/CIS171/Control%20A%20Clock%20Exercise%2015.32/src/control/a/clock/exercise/pkg15/pkg32/ClockPane.java</file>
        </group>
    </open-files>
</project-private>
